R0000061.JPG,2019:03:26 15:25:50,640,1/1250
R0000062.JPG,2019:03:26 15:25:52,800,1/1250
R0000063.JPG,2019:03:26 15:25:54,640,1/1250
R0000064.JPG,2019:03:26 15:25:56,800,1/1250
R0000065.JPG,2019:03:26 15:25:58,800,1/1250
R0000066.JPG,2019:03:26 15:26:00,800,1/1250
R0000067.JPG,2019:03:26 15:34:48,2200,1/1250
R0000068.JPG,2019:03:26 15:34:50,2200,1/1250
R0000069.JPG,2019:03:26 15:34:52,800,1/1250
R0000070.JPG,2019:03:26 15:34:54,800,1/1250
R0000071.JPG,2019:03:26 15:34:56,800,1/1250
R0000072.JPG,2019:03:26 15:34:58,800,1/1250
R0000073.JPG,2019:03:26 15:35:00,800,1/1250
R0000074.JPG,2019:03:26 15:35:02,800,1/1250
R0000075.JPG,2019:03:26 15:35:04,800,1/1250
R0000076.JPG,2019:03:26 15:35:06,800,1/1250
R0000077.JPG,2019:03:26 15:35:08,800,1/1250
R0000078.JPG,2019:03:26 15:35:10,800,1/1250
R0000079.JPG,2019:03:26 15:35:12,800,1/1250
R0000080.JPG,2019:03:26 15:35:14,800,1/1250
R0000081.JPG,2019:03:26 15:35:16,800,1/1250
R0000082.JPG,2019:03:26 15:35:18,280,1/1250
R0000083.JPG,2019:03:26 15:35:20,250,1/1250
R0000084.JPG,2019:03:26 15:35:22,250,1/1250
R0000085.JPG,2019:03:26 15:35:24,250,1/1250
R0000086.JPG,2019:03:26 15:35:26,250,1/1250
R0000087.JPG,2019:03:26 15:35:28,200,1/1250
R0000088.JPG,2019:03:26 15:35:30,250,1/1250
R0000089.JPG,2019:03:26 15:35:32,250,1/1250
R0000090.JPG,2019:03:26 15:35:34,250,1/1250
R0000091.JPG,2019:03:26 15:35:36,250,1/1250
R0000092.JPG,2019:03:26 15:35:38,250,1/1250
R0000093.JPG,2019:03:26 15:35:40,250,1/1250
R0000094.JPG,2019:03:26 15:35:42,250,1/1250
R0000095.JPG,2019:03:26 15:35:44,280,1/1250
R0000096.JPG,2019:03:26 15:35:46,280,1/1250
R0000097.JPG,2019:03:26 15:35:48,280,1/1250
R0000098.JPG,2019:03:26 15:35:50,280,1/1250
R0000099.JPG,2019:03:26 15:35:52,250,1/1250
R0000100.JPG,2019:03:26 15:35:54,250,1/1250
R0000101.JPG,2019:03:26 15:35:56,250,1/1250
R0000102.JPG,2019:03:26 15:35:58,250,1/1250
R0000103.JPG,2019:03:26 15:36:00,250,1/1250
R0000104.JPG,2019:03:26 15:36:02,250,1/1250
R0000105.JPG,2019:03:26 15:36:04,250,1/1250
R0000106.JPG,2019:03:26 15:36:06,280,1/1250
R0000107.JPG,2019:03:26 15:36:08,250,1/1250
R0000108.JPG,2019:03:26 15:36:10,250,1/1250
R0000109.JPG,2019:03:26 15:36:12,280,1/1250
R0000110.JPG,2019:03:26 15:36:14,320,1/1250
R0000111.JPG,2019:03:26 15:36:16,400,1/1250
R0000112.JPG,2019:03:26 15:36:18,500,1/1250
R0000113.JPG,2019:03:26 15:36:20,560,1/1250
R0000114.JPG,2019:03:26 15:36:22,560,1/1250
R0000115.JPG,2019:03:26 15:36:24,560,1/1250
R0000116.JPG,2019:03:26 15:36:26,560,1/1250
R0000117.JPG,2019:03:26 15:36:28,560,1/1250
R0000118.JPG,2019:03:26 15:36:30,640,1/1250
R0000119.JPG,2019:03:26 15:36:32,800,1/1250
R0000120.JPG,2019:03:26 15:36:34,800,1/1250
R0000121.JPG,2019:03:26 15:36:36,800,1/1250
R0000122.JPG,2019:03:26 15:36:38,800,1/1250
R0000123.JPG,2019:03:26 15:36:40,1000,1/1250
R0000124.JPG,2019:03:26 15:36:42,1100,1/1250
R0000125.JPG,2019:03:26 15:36:44,1600,1/1250
R0000126.JPG,2019:03:26 15:36:46,1600,1/1250
R0000127.JPG,2019:03:26 15:36:48,2000,1/1250
R0000128.JPG,2019:03:26 15:36:50,1600,1/1250
R0000129.JPG,2019:03:26 15:36:52,800,1/1250
R0000130.JPG,2019:03:26 15:36:54,1250,1/1250
R0000131.JPG,2019:03:26 15:36:56,1100,1/1250
R0000132.JPG,2019:03:26 15:36:58,800,1/1250
R0000133.JPG,2019:03:26 15:37:00,560,1/1250
R0000134.JPG,2019:03:26 15:37:02,560,1/1250
R0000135.JPG,2019:03:26 15:37:04,500,1/1250
R0000136.JPG,2019:03:26 15:37:06,500,1/1250
R0000137.JPG,2019:03:26 15:37:08,500,1/1250
R0000138.JPG,2019:03:26 15:37:10,400,1/1250
R0000139.JPG,2019:03:26 15:37:12,400,1/1250
R0000140.JPG,2019:03:26 15:37:14,400,1/1250
R0000141.JPG,2019:03:26 15:37:16,400,1/1250
R0000142.JPG,2019:03:26 15:37:18,320,1/1250
R0000143.JPG,2019:03:26 15:37:20,320,1/1250
R0000144.JPG,2019:03:26 15:37:22,320,1/1250
R0000145.JPG,2019:03:26 15:37:26,320,1/1250
R0000146.JPG,2019:03:26 15:37:28,280,1/1250
R0000147.JPG,2019:03:26 15:37:30,280,1/1250
R0000148.JPG,2019:03:26 15:37:32,280,1/1250
R0000149.JPG,2019:03:26 15:37:34,280,1/1250
R0000150.JPG,2019:03:26 15:37:38,280,1/1250
R0000151.JPG,2019:03:26 15:37:40,280,1/1250
R0000152.JPG,2019:03:26 15:37:42,280,1/1250
R0000153.JPG,2019:03:26 15:37:44,280,1/1250
R0000154.JPG,2019:03:26 15:37:46,280,1/1250
R0000155.JPG,2019:03:26 15:37:48,400,1/1250
R0000156.JPG,2019:03:26 15:37:50,500,1/1250
R0000157.JPG,2019:03:26 15:37:52,400,1/1250
R0000158.JPG,2019:03:26 15:37:54,500,1/1250
R0000159.JPG,2019:03:26 15:37:56,560,1/1250
R0000160.JPG,2019:03:26 15:37:58,560,1/1250
R0000161.JPG,2019:03:26 15:38:00,400,1/1250
R0000162.JPG,2019:03:26 15:38:02,400,1/1250
R0000163.JPG,2019:03:26 15:38:04,400,1/1250
R0000164.JPG,2019:03:26 15:38:06,320,1/1250
R0000165.JPG,2019:03:26 15:38:08,280,1/1250
R0000166.JPG,2019:03:26 15:38:10,280,1/1250
R0000167.JPG,2019:03:26 15:38:12,280,1/1250
R0000168.JPG,2019:03:26 15:38:14,400,1/1250
R0000169.JPG,2019:03:26 15:38:16,400,1/1250
R0000170.JPG,2019:03:26 15:38:18,560,1/1250
R0000171.JPG,2019:03:26 15:38:20,800,1/1250
R0000172.JPG,2019:03:26 15:38:22,800,1/1250
R0000173.JPG,2019:03:26 15:38:24,800,1/1250
R0000174.JPG,2019:03:26 15:38:26,800,1/1250
R0000175.JPG,2019:03:26 15:38:28,800,1/1250
R0000176.JPG,2019:03:26 15:38:30,800,1/1250
R0000177.JPG,2019:03:26 15:38:32,800,1/1250
R0000178.JPG,2019:03:26 15:38:34,1000,1/1250
R0000179.JPG,2019:03:26 15:38:36,1000,1/1250
R0000180.JPG,2019:03:26 15:38:38,1100,1/1250
R0000181.JPG,2019:03:26 15:38:40,1250,1/1250
R0000182.JPG,2019:03:26 15:38:42,1600,1/1250
R0000183.JPG,2019:03:26 15:38:44,1600,1/1250
R0000184.JPG,2019:03:26 15:38:46,1600,1/1250
R0000185.JPG,2019:03:26 15:38:48,2000,1/1250
R0000186.JPG,2019:03:26 15:38:50,2000,1/1250
R0000187.JPG,2019:03:26 15:38:52,800,1/1250
R0000188.JPG,2019:03:26 15:38:54,1000,1/1250
R0000189.JPG,2019:03:26 15:38:56,1000,1/1250
R0000190.JPG,2019:03:26 15:38:58,1000,1/1250
R0000191.JPG,2019:03:26 15:39:00,800,1/1250
R0000192.JPG,2019:03:26 15:39:02,1100,1/1250
R0000193.JPG,2019:03:26 15:39:04,800,1/1250
R0000194.JPG,2019:03:26 15:39:06,800,1/1250
R0000195.JPG,2019:03:26 15:39:08,640,1/1250
R0000196.JPG,2019:03:26 15:39:10,560,1/1250
R0000197.JPG,2019:03:26 15:39:12,500,1/1250
R0000198.JPG,2019:03:26 15:39:14,500,1/1250
R0000199.JPG,2019:03:26 15:39:16,400,1/1250
R0000200.JPG,2019:03:26 15:39:18,400,1/1250
R0000201.JPG,2019:03:26 15:39:20,400,1/1250
R0000202.JPG,2019:03:26 15:39:22,400,1/1250
R0000203.JPG,2019:03:26 15:39:24,400,1/1250
R0000204.JPG,2019:03:26 15:39:26,400,1/1250
R0000205.JPG,2019:03:26 15:39:28,400,1/1250
R0000206.JPG,2019:03:26 15:39:30,400,1/1250
R0000207.JPG,2019:03:26 15:39:32,400,1/1250
R0000208.JPG,2019:03:26 15:39:34,400,1/1250
R0000209.JPG,2019:03:26 15:39:36,400,1/1250
R0000210.JPG,2019:03:26 15:39:38,320,1/1250
R0000211.JPG,2019:03:26 15:39:40,280,1/1250
R0000212.JPG,2019:03:26 15:39:42,280,1/1250
R0000213.JPG,2019:03:26 15:39:44,280,1/1250
R0000214.JPG,2019:03:26 15:39:46,250,1/1250
R0000215.JPG,2019:03:26 15:39:48,250,1/1250
R0000216.JPG,2019:03:26 15:39:50,250,1/1250
R0000217.JPG,2019:03:26 15:39:52,280,1/1250
R0000218.JPG,2019:03:26 15:39:54,400,1/1250
R0000219.JPG,2019:03:26 15:39:56,400,1/1250
R0000220.JPG,2019:03:26 15:39:58,320,1/1250
R0000221.JPG,2019:03:26 15:40:00,280,1/1250
R0000222.JPG,2019:03:26 15:40:02,280,1/1250
R0000223.JPG,2019:03:26 15:40:04,250,1/1250
R0000224.JPG,2019:03:26 15:40:06,250,1/1250
R0000225.JPG,2019:03:26 15:40:08,250,1/1250
R0000226.JPG,2019:03:26 15:40:10,280,1/1250
R0000227.JPG,2019:03:26 15:40:12,250,1/1250
R0000228.JPG,2019:03:26 15:40:14,280,1/1250
R0000229.JPG,2019:03:26 15:40:16,250,1/1250
R0000230.JPG,2019:03:26 15:40:18,250,1/1250
R0000231.JPG,2019:03:26 15:40:20,250,1/1250
R0000232.JPG,2019:03:26 15:40:22,250,1/1250
R0000233.JPG,2019:03:26 15:40:24,200,1/1250
R0000234.JPG,2019:03:26 15:40:26,200,1/1250
R0000235.JPG,2019:03:26 15:40:28,200,1/1250
R0000236.JPG,2019:03:26 15:40:30,250,1/1250
R0000237.JPG,2019:03:26 15:40:32,280,1/1250
R0000238.JPG,2019:03:26 15:40:34,320,1/1250
R0000239.JPG,2019:03:26 15:40:36,400,1/1250
R0000240.JPG,2019:03:26 15:40:38,400,1/1250
R0000241.JPG,2019:03:26 15:40:40,400,1/1250
R0000242.JPG,2019:03:26 15:40:42,500,1/1250
R0000243.JPG,2019:03:26 15:40:44,500,1/1250
R0000244.JPG,2019:03:26 15:40:46,400,1/1250
R0000245.JPG,2019:03:26 15:40:48,400,1/1250
R0000246.JPG,2019:03:26 15:40:50,500,1/1250
R0000247.JPG,2019:03:26 15:40:52,400,1/1250
R0000248.JPG,2019:03:26 15:40:54,400,1/1250
R0000249.JPG,2019:03:26 15:40:56,400,1/1250
R0000250.JPG,2019:03:26 15:40:58,400,1/1250
R0000251.JPG,2019:03:26 15:41:00,400,1/1250
R0000252.JPG,2019:03:26 15:41:02,400,1/1250
R0000253.JPG,2019:03:26 15:41:04,400,1/1250
R0000254.JPG,2019:03:26 15:41:06,400,1/1250
R0000255.JPG,2019:03:26 15:41:08,400,1/1250
R0000256.JPG,2019:03:26 15:41:10,400,1/1250
R0000257.JPG,2019:03:26 15:41:12,400,1/1250
R0000258.JPG,2019:03:26 15:41:14,400,1/1250
R0000259.JPG,2019:03:26 15:41:16,400,1/1250
R0000260.JPG,2019:03:26 15:41:18,320,1/1250
R0000261.JPG,2019:03:26 15:41:20,320,1/1250
R0000262.JPG,2019:03:26 15:41:22,320,1/1250
R0000263.JPG,2019:03:26 15:41:24,320,1/1250
R0000264.JPG,2019:03:26 15:41:26,320,1/1250
R0000265.JPG,2019:03:26 15:41:28,320,1/1250
R0000266.JPG,2019:03:26 15:41:30,320,1/1250
R0000267.JPG,2019:03:26 15:41:32,320,1/1250
R0000268.JPG,2019:03:26 15:41:34,320,1/1250
R0000269.JPG,2019:03:26 15:41:36,320,1/1250
R0000270.JPG,2019:03:26 15:41:38,400,1/1250
R0000271.JPG,2019:03:26 15:41:40,400,1/1250
R0000272.JPG,2019:03:26 15:41:42,400,1/1250
R0000273.JPG,2019:03:26 15:41:44,320,1/1250
R0000274.JPG,2019:03:26 15:41:46,320,1/1250
R0000275.JPG,2019:03:26 15:41:48,280,1/1250
R0000276.JPG,2019:03:26 15:41:50,280,1/1250
R0000277.JPG,2019:03:26 15:41:52,280,1/1250
R0000278.JPG,2019:03:26 15:41:54,250,1/1250
R0000279.JPG,2019:03:26 15:41:56,200,1/1250
R0000280.JPG,2019:03:26 15:41:58,200,1/1250
R0000281.JPG,2019:03:26 15:42:00,200,1/1250
R0000282.JPG,2019:03:26 15:42:02,200,1/1250
R0000283.JPG,2019:03:26 15:42:04,200,1/1250
R0000284.JPG,2019:03:26 15:42:06,200,1/1250
R0000285.JPG,2019:03:26 15:42:08,200,1/1250
R0000286.JPG,2019:03:26 15:42:10,200,1/1250
R0000287.JPG,2019:03:26 15:42:12,200,1/1250
R0000288.JPG,2019:03:26 15:42:14,250,1/1250
R0000289.JPG,2019:03:26 15:42:16,250,1/1250
R0000290.JPG,2019:03:26 15:42:18,250,1/1250
R0000291.JPG,2019:03:26 15:42:20,280,1/1250
R0000292.JPG,2019:03:26 15:42:22,250,1/1250
R0000293.JPG,2019:03:26 15:42:24,250,1/1250
R0000294.JPG,2019:03:26 15:42:26,250,1/1250
R0000295.JPG,2019:03:26 15:42:28,280,1/1250
R0000296.JPG,2019:03:26 15:42:30,250,1/1250
R0000297.JPG,2019:03:26 15:42:32,250,1/1250
R0000298.JPG,2019:03:26 15:42:34,250,1/1250
R0000299.JPG,2019:03:26 15:42:36,250,1/1250
R0000300.JPG,2019:03:26 15:42:38,250,1/1250
R0000301.JPG,2019:03:26 15:42:40,250,1/1250
R0000302.JPG,2019:03:26 15:42:42,250,1/1250
R0000303.JPG,2019:03:26 15:42:44,250,1/1250
R0000304.JPG,2019:03:26 15:42:46,250,1/1250
R0000305.JPG,2019:03:26 15:42:48,250,1/1250
R0000306.JPG,2019:03:26 15:42:50,250,1/1250
R0000307.JPG,2019:03:26 15:42:52,250,1/1250
R0000308.JPG,2019:03:26 15:42:54,250,1/1250
R0000309.JPG,2019:03:26 15:42:56,280,1/1250
R0000310.JPG,2019:03:26 15:42:58,800,1/1250
R0000311.JPG,2019:03:26 15:43:00,2000,1/1250
R0000312.JPG,2019:03:26 15:43:02,2000,1/1250
R0000313.JPG,2019:03:26 15:43:04,2000,1/1250
R0000314.JPG,2019:03:26 15:43:06,2200,1/1250
R0000315.JPG,2019:03:26 15:43:08,2200,1/1250
R0000316.JPG,2019:03:26 15:44:54,2200,1/1250
R0000317.JPG,2019:03:26 15:44:56,2500,1/1250
R0000318.JPG,2019:03:26 15:44:58,1100,1/1250
R0000319.JPG,2019:03:26 15:45:00,800,1/1250
R0000320.JPG,2019:03:26 15:45:02,800,1/1250
R0000321.JPG,2019:03:26 15:45:04,800,1/1250
R0000322.JPG,2019:03:26 15:45:06,800,1/1250
R0000323.JPG,2019:03:26 15:45:08,800,1/1250
R0000324.JPG,2019:03:26 15:45:10,800,1/1250
R0000325.JPG,2019:03:26 15:45:12,800,1/1250
R0000326.JPG,2019:03:26 15:45:14,800,1/1250
R0000327.JPG,2019:03:26 15:45:16,800,1/1250
R0000328.JPG,2019:03:26 15:45:18,800,1/1250
R0000329.JPG,2019:03:26 15:45:20,800,1/1250
R0000330.JPG,2019:03:26 15:45:22,800,1/1250
R0000331.JPG,2019:03:26 15:45:24,800,1/1250
R0000332.JPG,2019:03:26 15:45:26,800,1/1250
R0000333.JPG,2019:03:26 15:45:28,800,1/1250
R0000334.JPG,2019:03:26 15:45:30,800,1/1250
R0000335.JPG,2019:03:26 15:45:32,640,1/1250
R0000336.JPG,2019:03:26 15:45:34,640,1/1250
R0000337.JPG,2019:03:26 15:45:36,640,1/1250
R0000338.JPG,2019:03:26 15:45:38,640,1/1250
R0000339.JPG,2019:03:26 15:45:40,640,1/1250
R0000340.JPG,2019:03:26 15:45:42,640,1/1250
R0000341.JPG,2019:03:26 15:45:44,640,1/1250
R0000342.JPG,2019:03:26 15:45:46,640,1/1250
R0000343.JPG,2019:03:26 15:45:48,640,1/1250
R0000344.JPG,2019:03:26 15:45:50,640,1/1250
R0000345.JPG,2019:03:26 15:45:52,640,1/1250
R0000346.JPG,2019:03:26 15:45:54,640,1/1250
R0000347.JPG,2019:03:26 15:45:56,640,1/1250
R0000348.JPG,2019:03:26 15:45:58,640,1/1250
R0000349.JPG,2019:03:26 15:46:00,640,1/1250
R0000350.JPG,2019:03:26 15:46:02,640,1/1250
R0000351.JPG,2019:03:26 15:46:04,640,1/1250
R0000352.JPG,2019:03:26 15:46:06,640,1/1250
R0000353.JPG,2019:03:26 15:46:08,640,1/1250
R0000354.JPG,2019:03:26 15:46:10,640,1/1250
R0000355.JPG,2019:03:26 15:46:12,640,1/1250
R0000356.JPG,2019:03:26 15:46:14,640,1/1250
R0000357.JPG,2019:03:26 15:46:16,640,1/1250
R0000358.JPG,2019:03:26 15:46:18,640,1/1250
R0000359.JPG,2019:03:26 15:46:20,640,1/1250
R0000360.JPG,2019:03:26 15:46:22,640,1/1250
R0000361.JPG,2019:03:26 15:46:24,640,1/1250
R0000362.JPG,2019:03:26 15:46:26,640,1/1250
R0000363.JPG,2019:03:26 15:46:28,640,1/1250
R0000364.JPG,2019:03:26 15:46:30,640,1/1250
R0000365.JPG,2019:03:26 15:46:32,640,1/1250
R0000366.JPG,2019:03:26 15:46:34,640,1/1250
R0000367.JPG,2019:03:26 15:46:36,640,1/1250
R0000368.JPG,2019:03:26 15:46:38,640,1/1250
R0000369.JPG,2019:03:26 15:46:40,640,1/1250
R0000370.JPG,2019:03:26 15:46:42,640,1/1250
R0000371.JPG,2019:03:26 15:46:44,640,1/1250
R0000372.JPG,2019:03:26 15:46:46,640,1/1250
R0000373.JPG,2019:03:26 15:46:48,640,1/1250
R0000374.JPG,2019:03:26 15:46:50,640,1/1250
R0000375.JPG,2019:03:26 15:46:52,640,1/1250
R0000376.JPG,2019:03:26 15:46:54,640,1/1250
R0000377.JPG,2019:03:26 15:46:56,640,1/1250
R0000378.JPG,2019:03:26 15:46:58,640,1/1250
R0000379.JPG,2019:03:26 15:47:00,640,1/1250
R0000380.JPG,2019:03:26 15:47:02,640,1/1250
R0000381.JPG,2019:03:26 15:47:04,640,1/1250
R0000382.JPG,2019:03:26 15:47:06,640,1/1250
R0000383.JPG,2019:03:26 15:47:08,640,1/1250
R0000384.JPG,2019:03:26 15:47:10,640,1/1250
R0000385.JPG,2019:03:26 15:47:12,640,1/1250
R0000386.JPG,2019:03:26 15:47:14,640,1/1250
R0000387.JPG,2019:03:26 15:47:16,640,1/1250
R0000388.JPG,2019:03:26 15:47:18,640,1/1250
R0000389.JPG,2019:03:26 15:47:20,640,1/1250
R0000390.JPG,2019:03:26 15:47:22,640,1/1250
R0000391.JPG,2019:03:26 15:47:24,640,1/1250
R0000392.JPG,2019:03:26 15:47:26,640,1/1250
R0000393.JPG,2019:03:26 15:47:28,640,1/1250
R0000394.JPG,2019:03:26 15:47:30,640,1/1250
R0000395.JPG,2019:03:26 15:47:32,640,1/1250
R0000396.JPG,2019:03:26 15:47:34,640,1/1250
R0000397.JPG,2019:03:26 15:47:36,640,1/1250
R0000398.JPG,2019:03:26 15:47:38,640,1/1250
R0000399.JPG,2019:03:26 15:47:40,640,1/1250
R0000400.JPG,2019:03:26 15:47:42,280,1/1250
R0000401.JPG,2019:03:26 15:47:44,250,1/1250
R0000402.JPG,2019:03:26 15:47:46,250,1/1250
R0000403.JPG,2019:03:26 15:47:48,250,1/1250
R0000404.JPG,2019:03:26 15:47:50,250,1/1250
R0000405.JPG,2019:03:26 15:47:52,250,1/1250
R0000406.JPG,2019:03:26 15:47:54,250,1/1250
R0000407.JPG,2019:03:26 15:47:56,280,1/1250
R0000408.JPG,2019:03:26 15:47:58,280,1/1250
R0000409.JPG,2019:03:26 15:48:00,280,1/1250
R0000410.JPG,2019:03:26 15:48:02,320,1/1250
R0000411.JPG,2019:03:26 15:48:04,320,1/1250
R0000412.JPG,2019:03:26 15:48:06,320,1/1250
R0000413.JPG,2019:03:26 15:48:08,320,1/1250
R0000414.JPG,2019:03:26 15:48:10,320,1/1250
R0000415.JPG,2019:03:26 15:48:12,280,1/1250
R0000416.JPG,2019:03:26 15:48:14,280,1/1250
R0000417.JPG,2019:03:26 15:48:16,280,1/1250
R0000418.JPG,2019:03:26 15:48:18,280,1/1250
R0000419.JPG,2019:03:26 15:48:20,280,1/1250
R0000420.JPG,2019:03:26 15:48:22,280,1/1250
R0000421.JPG,2019:03:26 15:48:24,280,1/1250
R0000422.JPG,2019:03:26 15:48:26,280,1/1250
R0000423.JPG,2019:03:26 15:48:28,250,1/1250
R0000424.JPG,2019:03:26 15:48:30,320,1/1250
R0000425.JPG,2019:03:26 15:48:32,320,1/1250
R0000426.JPG,2019:03:26 15:48:34,320,1/1250
R0000427.JPG,2019:03:26 15:48:36,400,1/1250
R0000428.JPG,2019:03:26 15:48:38,320,1/1250
R0000429.JPG,2019:03:26 15:48:40,320,1/1250
R0000430.JPG,2019:03:26 15:48:42,280,1/1250
R0000431.JPG,2019:03:26 15:48:44,280,1/1250
R0000432.JPG,2019:03:26 15:48:46,280,1/1250
R0000433.JPG,2019:03:26 15:48:48,280,1/1250
R0000434.JPG,2019:03:26 15:48:50,250,1/1250
R0000435.JPG,2019:03:26 15:48:52,200,1/1250
R0000436.JPG,2019:03:26 15:48:54,200,1/1250
R0000437.JPG,2019:03:26 15:48:56,200,1/1250
R0000438.JPG,2019:03:26 15:48:58,200,1/1250
R0000439.JPG,2019:03:26 15:49:00,200,1/1250
R0000440.JPG,2019:03:26 15:49:02,250,1/1250
R0000441.JPG,2019:03:26 15:49:04,250,1/1250
R0000442.JPG,2019:03:26 15:49:06,280,1/1250
R0000443.JPG,2019:03:26 15:49:08,280,1/1250
R0000444.JPG,2019:03:26 15:49:10,280,1/1250
R0000445.JPG,2019:03:26 15:49:12,280,1/1250
R0000446.JPG,2019:03:26 15:49:14,250,1/1250
R0000447.JPG,2019:03:26 15:49:16,280,1/1250
R0000448.JPG,2019:03:26 15:49:18,320,1/1250
R0000449.JPG,2019:03:26 15:49:20,320,1/1250
R0000450.JPG,2019:03:26 15:49:22,400,1/1250
R0000451.JPG,2019:03:26 15:49:24,320,1/1250
R0000452.JPG,2019:03:26 15:49:26,320,1/1250
R0000453.JPG,2019:03:26 15:49:28,280,1/1250
R0000454.JPG,2019:03:26 15:49:30,320,1/1250
R0000455.JPG,2019:03:26 15:49:32,320,1/1250
R0000456.JPG,2019:03:26 15:49:34,320,1/1250
R0000457.JPG,2019:03:26 15:49:36,280,1/1250
R0000458.JPG,2019:03:26 15:49:38,250,1/1250
R0000459.JPG,2019:03:26 15:49:40,250,1/1250
R0000460.JPG,2019:03:26 15:49:42,250,1/1250
R0000461.JPG,2019:03:26 15:49:44,250,1/1250
R0000462.JPG,2019:03:26 15:49:46,280,1/1250
R0000463.JPG,2019:03:26 15:49:48,280,1/1250
R0000464.JPG,2019:03:26 15:49:50,400,1/1250
R0000465.JPG,2019:03:26 15:49:52,400,1/1250
R0000466.JPG,2019:03:26 15:49:54,560,1/1250
R0000467.JPG,2019:03:26 15:49:56,640,1/1250
R0000468.JPG,2019:03:26 15:49:58,640,1/1250
R0000469.JPG,2019:03:26 15:50:00,640,1/1250
R0000470.JPG,2019:03:26 15:50:02,640,1/1250
R0000471.JPG,2019:03:26 15:50:04,500,1/1250
R0000472.JPG,2019:03:26 15:50:06,400,1/1250
R0000473.JPG,2019:03:26 15:50:08,400,1/1250
R0000474.JPG,2019:03:26 15:50:10,400,1/1250
R0000475.JPG,2019:03:26 15:50:12,400,1/1250
R0000476.JPG,2019:03:26 15:50:14,400,1/1250
R0000477.JPG,2019:03:26 15:50:16,320,1/1250
R0000478.JPG,2019:03:26 15:50:18,400,1/1250
R0000479.JPG,2019:03:26 15:50:20,400,1/1250
R0000480.JPG,2019:03:26 15:50:22,320,1/1250
R0000481.JPG,2019:03:26 15:50:24,320,1/1250
R0000482.JPG,2019:03:26 15:50:26,320,1/1250
R0000483.JPG,2019:03:26 15:50:28,280,1/1250
R0000484.JPG,2019:03:26 15:50:30,280,1/1250
R0000485.JPG,2019:03:26 15:50:32,280,1/1250
R0000486.JPG,2019:03:26 15:50:34,250,1/1250
R0000487.JPG,2019:03:26 15:50:36,250,1/1250
R0000488.JPG,2019:03:26 15:50:38,250,1/1250
R0000489.JPG,2019:03:26 15:50:40,250,1/1250
R0000490.JPG,2019:03:26 15:50:42,280,1/1250
R0000491.JPG,2019:03:26 15:50:44,400,1/1250
R0000492.JPG,2019:03:26 15:50:46,800,1/1250
R0000493.JPG,2019:03:26 15:50:48,1250,1/1250
R0000494.JPG,2019:03:26 15:50:50,800,1/1250
R0000495.JPG,2019:03:26 15:50:52,1000,1/1250
R0000496.JPG,2019:03:26 15:50:54,1100,1/1250
R0000497.JPG,2019:03:26 15:50:56,1250,1/1250
R0000498.JPG,2019:03:26 15:50:58,500,1/1250
R0000499.JPG,2019:03:26 15:51:00,400,1/1250
R0000500.JPG,2019:03:26 15:51:02,320,1/1250
R0000501.JPG,2019:03:26 15:51:04,280,1/1250
R0000502.JPG,2019:03:26 15:51:06,250,1/1250
R0000503.JPG,2019:03:26 15:51:08,200,1/1250
R0000504.JPG,2019:03:26 15:51:10,250,1/1250
R0000505.JPG,2019:03:26 15:51:12,400,1/1250
R0000506.JPG,2019:03:26 15:51:14,400,1/1250
R0000507.JPG,2019:03:26 15:51:16,400,1/1250
R0000508.JPG,2019:03:26 15:51:18,400,1/1250
R0000509.JPG,2019:03:26 15:51:20,400,1/1250
R0000510.JPG,2019:03:26 15:51:22,400,1/1250
R0000511.JPG,2019:03:26 15:51:24,400,1/1250
R0000512.JPG,2019:03:26 15:51:26,400,1/1250
R0000513.JPG,2019:03:26 15:51:28,320,1/1250
R0000514.JPG,2019:03:26 15:51:30,320,1/1250
R0000515.JPG,2019:03:26 15:51:32,280,1/1250
R0000516.JPG,2019:03:26 15:51:34,400,1/1250
R0000517.JPG,2019:03:26 15:51:36,400,1/1250
R0000518.JPG,2019:03:26 15:51:38,1100,1/1250
R0000519.JPG,2019:03:26 15:51:40,2000,1/1250
R0000520.JPG,2019:03:26 15:51:42,1600,1/1250
R0000521.JPG,2019:03:26 15:51:44,2000,1/1250
R0000522.JPG,2019:03:26 15:51:46,2200,1/1250
R0000523.JPG,2019:03:26 15:51:48,1600,1/1250
R0000524.JPG,2019:03:26 15:51:50,1600,1/1250
R0000525.JPG,2019:03:26 15:51:52,1250,1/1250
R0000526.JPG,2019:03:26 15:51:54,1000,1/1250
R0000527.JPG,2019:03:26 15:51:56,800,1/1250
R0000528.JPG,2019:03:26 15:51:58,640,1/1250
R0000529.JPG,2019:03:26 15:52:00,560,1/1250
R0000530.JPG,2019:03:26 15:52:02,500,1/1250
R0000531.JPG,2019:03:26 15:52:04,500,1/1250
R0000532.JPG,2019:03:26 15:52:06,500,1/1250
R0000533.JPG,2019:03:26 15:52:08,500,1/1250
R0000534.JPG,2019:03:26 15:52:10,400,1/1250
R0000535.JPG,2019:03:26 15:52:12,400,1/1250
R0000536.JPG,2019:03:26 15:52:14,400,1/1250
R0000537.JPG,2019:03:26 15:52:16,400,1/1250
R0000538.JPG,2019:03:26 15:52:18,400,1/1250
R0000539.JPG,2019:03:26 15:52:20,400,1/1250
R0000540.JPG,2019:03:26 15:52:22,400,1/1250
R0000541.JPG,2019:03:26 15:52:24,400,1/1250
R0000542.JPG,2019:03:26 15:52:26,400,1/1250
R0000543.JPG,2019:03:26 15:52:28,400,1/1250
R0000544.JPG,2019:03:26 15:52:30,400,1/1250
R0000545.JPG,2019:03:26 15:52:32,400,1/1250
R0000546.JPG,2019:03:26 15:52:34,320,1/1250
R0000547.JPG,2019:03:26 15:52:36,400,1/1250
R0000548.JPG,2019:03:26 15:52:38,320,1/1250
R0000549.JPG,2019:03:26 15:52:40,400,1/1250
R0000550.JPG,2019:03:26 15:52:42,400,1/1250
R0000551.JPG,2019:03:26 15:52:44,400,1/1250
R0000552.JPG,2019:03:26 15:52:46,400,1/1250
R0000553.JPG,2019:03:26 15:52:48,400,1/1250
R0000554.JPG,2019:03:26 15:52:50,400,1/1250
R0000555.JPG,2019:03:26 15:52:52,400,1/1250
R0000556.JPG,2019:03:26 15:52:54,400,1/1250
R0000557.JPG,2019:03:26 15:52:56,400,1/1250
R0000558.JPG,2019:03:26 15:52:58,320,1/1250
R0000559.JPG,2019:03:26 15:53:00,320,1/1250
R0000560.JPG,2019:03:26 15:53:02,280,1/1250
R0000561.JPG,2019:03:26 15:53:04,320,1/1250
R0000562.JPG,2019:03:26 15:53:06,280,1/1250
R0000563.JPG,2019:03:26 15:53:08,280,1/1250
R0000564.JPG,2019:03:26 15:53:10,280,1/1250
R0000565.JPG,2019:03:26 15:53:12,280,1/1250
R0000566.JPG,2019:03:26 15:53:14,250,1/1250
R0000567.JPG,2019:03:26 15:53:16,250,1/1250
R0000568.JPG,2019:03:26 15:53:18,250,1/1250
R0000569.JPG,2019:03:26 15:53:20,250,1/1250
R0000570.JPG,2019:03:26 15:53:22,250,1/1250
R0000571.JPG,2019:03:26 15:53:24,250,1/1250
R0000572.JPG,2019:03:26 15:53:26,250,1/1250
R0000573.JPG,2019:03:26 15:53:28,250,1/1250
R0000574.JPG,2019:03:26 15:53:30,250,1/1250
R0000575.JPG,2019:03:26 15:53:32,280,1/1250
R0000576.JPG,2019:03:26 15:53:34,280,1/1250
R0000577.JPG,2019:03:26 15:53:36,280,1/1250
R0000578.JPG,2019:03:26 15:53:38,1600,1/1250
R0000579.JPG,2019:03:26 15:53:40,1600,1/1250
R0000580.JPG,2019:03:26 15:53:42,1600,1/1250
R0000581.JPG,2019:03:26 15:53:44,2000,1/1250
R0000582.JPG,2019:03:26 15:53:46,2000,1/1250
